{"modelling":{"id":"fb4f136297ad744f75d27bdbab37c9d8dabee68b","trg_seq":"MTKTSTCIYHFLVLSWYTFLNYYISQEGKDEVKPKILANGARWKYMTLLNLLLQTIFYGVTCLDDVLKRTKGGKDIKFLTAFRDLLFTTLAFPVSTFVFLAFWILFLYNRDLIYPKVLDTVIPVWLNHAMHTFIFPITLAEVVLRPHSYPSKKTGLTLLAAASIAYISRILWLYFETGTWVYPVFAKLSLLGLAAFFSLSYVFIASIYLLGEKLNHWKWGDMRQPRKKRK","tpl_seq":"----------------------------------NHYSYGWSF-YFGGLSFILAEVIGVLAV------------------------------------------------------------------------------------------------------------------------------------------------------------------------","pdb_id":"6qkz","chain":"E","method":"ELECTRON MICROSCOPY","short_method":"EM","coverage":0.1173913032,"resolution":0.0,"description":"Voltage-dependent calcium channel gamma-8 subunit","seq_sim":0.2790123522,"assembly_id":1,"score":0.1677791625,"pred_lddt":0.0200001504,"seq_id":14.8148145676,"found_by":"HHblits","oligo_state":"monomer","comment":"e_value=280, p_value=0.02, score=23, ss_score=6.3, prob=12.7, gmqe_dist_const=0.9229838848114014, gmqe_reduced=0.139922097325325, gmqe_cb_packing=0.5338057279586792, gmqe_torsion=0.3287695646286011, gmqe_ss_agreement=0.6265745759010315, gmqe_coverage=0.11739130318164825, gmqe_seq_id=14.814814567565918, gmqe_seq_sim=0.2790123224258423, gmqe_n_insertions=1, gmqe_n_deletions=0, gmqe_seqres_length=230, gmqe_seqres_coverage=0.11739130434782609, gmqe_profile_aln_score=23.0, gmqe_avg_entropy=2.0269370079040527","offset":196,"starttime":"02-05-21 (10:19:57)","QMean":{"global_scores":{"qmean4_norm_score":0.5436613193,"qmean4_z_score":-1.8440741117,"qmean6_norm_score":0.4779706247,"qmean6_z_score":-2.0258448173,"interaction_norm_score":-0.0337766848,"interaction_z_score":-0.1671680434,"cbeta_norm_score":-0.0122608316,"cbeta_z_score":-0.8322937196,"packing_norm_score":-0.1337091518,"packing_z_score":-1.0885507756,"torsion_norm_score":0.2091001303,"torsion_z_score":-1.6798619331,"ss_agreement_norm_score":0.5125075515,"ss_agreement_z_score":0.0391452409,"acc_agreement_norm_score":0.1428571429,"acc_agreement_z_score":-4.7223862906,"avg_local_score":0.2255099601,"avg_local_score_error":0.115},"local_scores":{"E":[null,null,null,null,null,null,null,null,null,null,null,null,null,null,null,null,null,null,null,null,null,null,null,null,null,null,null,null,null,null,null,null,null,null,0.0800109145,0.0929174283,0.1262488253,0.2742802911,0.2564620399,0.2467378626,0.2569292298,0.2464067126,0.2033907057,0.249091892,0.2422760578,0.2352754855,0.2655685365,0.2905847595,0.3061829963,0.3280144437,0.3127663296,0.2983376784,0.282360986,0.2900094331,0.2677072396,0.2318708019,0.1902789976,0.1873614056,0.1787723582,0.1596071727,0.107716546,0.1071117521,null,null,null,null,null,null,null,null,null,null,null,null,null,null,null,null,null,null,null,null,null,null,null,null,null,null,null,null,null,null,null,null,null,null,null,null,null,null,null,null,null,null,null,null,null,null,null,null,null,null,null,null,null,null,null,null,null,null,null,null,null,null,null,null,null,null,null,null,null,null,null,null,null,null,null,null,null,null,null,null,null,null,null,null,null,null,null,null,null,null,null,null,null,null,null,null,null,null,null,null,null,null,null,null,null,null,null,null,null,null,null,null,null,null,null,null,null,null,null,null,null,null,null,null,null,null,null,null,null,null,null,null,null,null,null,null,null,null,null,null,null,null,null,null,null,null,null,null,null,null,null,null,null,null,null,null,null,null,null,null,null,null,null,null,null,null,null,null]},"qmean_version":"4.2.0"},"title":"Modelling","endtime":"02-05-21 (10:20:01)","mod_engine":["ProMod3"],"ProMod3":{"version":"3.2.0"},"ProMod":null,"MODELLER":null,"SPDBV":null}}